Player,Position,Age,Team,Games Played,Games Started,Min Played,FG,FGA,FG%,3P,3PA,3P%,2P,2PA,2P%,eFG%,FT,FTA,FT%,ORB,DRB,TRB,AST,STL,BLK,TOV,PF,PTS,General Position,Numbered Position,A:T Ratio,Blocks Per Game,TO:MP Ratio
Aaron Brooks,PG,32,IND,65,0,894,121,300,0.403,48,128,0.375,73,172,0.424,0.483,32,40,0.8,18,51,69,125,25,9,66,93,322,G,1,1.89393939394,0.138461538462,0.0738255033557
Aaron Gordon,SF,21,ORL,80,72,2298,393,865,0.454,77,267,0.288,316,598,0.528,0.499,156,217,0.719,116,289,405,150,65,40,89,172,1019,F,3,1.68539325843,0.5,0.038729329852
Al Horford,C,30,BOS,68,68,2193,379,801,0.473,86,242,0.355,293,559,0.524,0.527,108,135,0.8,95,370,465,337,52,86,115,138,952,C,5,2.93043478261,1.26470588235,0.0524395804834
Al Jefferson,C,32,IND,66,1,931,235,471,0.499,0,1,0.0,235,470,0.5,0.499,65,85,0.765,75,203,278,57,19,16,33,125,535,C,5,1.72727272727,0.242424242424,0.0354457572503
Alan Williams,C,24,PHO,47,0,708,138,267,0.517,0,1,0.0,138,266,0.519,0.517,70,112,0.625,94,198,292,23,27,32,37,125,346,C,5,0.621621621622,0.68085106383,0.0522598870056
Alec Burks,SG,25,UTA,42,0,653,99,248,0.399,25,76,0.329,74,172,0.43,0.45,60,78,0.769,17,103,120,30,18,5,35,50,283,G,2,0.857142857143,0.119047619048,0.0535987748851
Alex Abrines,SG,23,OKC,68,6,1055,134,341,0.393,94,247,0.381,40,94,0.426,0.531,44,49,0.898,18,68,86,40,37,8,33,114,406,G,2,1.21212121212,0.117647058824,0.0312796208531
Alex Len,C,23,PHO,77,34,1560,230,463,0.497,3,12,0.25,227,451,0.503,0.5,150,208,0.721,156,354,510,44,38,98,102,242,613,C,5,0.43137254902,1.27272727273,0.0653846153846
Alexis Ajinca,C,28,NOP,39,15,584,89,178,0.5,0,4,0.0,89,174,0.511,0.5,29,40,0.725,46,131,177,12,20,22,31,77,207,C,5,0.387096774194,0.564102564103,0.0530821917808
Al-Farouq Aminu,SF,26,POR,61,25,1773,183,466,0.393,70,212,0.33,113,254,0.445,0.468,96,136,0.706,77,374,451,99,60,44,94,102,532,F,3,1.05319148936,0.72131147541,0.0530174844896
Allen Crabbe,SG,24,POR,79,7,2254,303,647,0.468,134,302,0.444,169,345,0.49,0.572,105,124,0.847,19,207,226,94,54,20,62,171,845,G,2,1.51612903226,0.253164556962,0.0275066548358
Amir Johnson,PF,29,BOS,80,77,1608,213,370,0.576,27,66,0.409,186,304,0.612,0.612,67,100,0.67,118,248,366,140,51,62,77,211,520,F,4,1.81818181818,0.775,0.0478855721393
Andre Drummond,C,23,DET,81,81,2409,483,911,0.53,2,7,0.286,481,904,0.532,0.531,137,355,0.386,345,770,1115,90,124,89,152,237,1105,C,5,0.592105263158,1.0987654321,0.063096720631
Andre Iguodala,SF,33,GSW,76,0,1998,219,415,0.528,64,177,0.362,155,238,0.651,0.605,72,102,0.706,51,253,304,261,76,39,58,97,574,F,3,4.5,0.513157894737,0.029029029029
Andre Roberson,SF,25,OKC,79,79,2376,215,463,0.464,45,184,0.245,170,279,0.609,0.513,47,111,0.423,98,305,403,79,94,79,51,204,522,F,3,1.54901960784,1.0,0.0214646464646
Andrew Harrison,PG,22,MEM,72,18,1474,117,360,0.325,43,156,0.276,74,204,0.363,0.385,148,194,0.763,23,113,136,198,53,21,85,194,425,G,1,2.32941176471,0.291666666667,0.0576662143826
Andrew Nicholson,PF,27,TOT,38,0,342,43,111,0.387,5,27,0.185,38,84,0.452,0.41,9,14,0.643,15,46,61,10,16,6,17,55,100,F,4,0.588235294118,0.157894736842,0.0497076023392
Andrew Wiggins,SF,21,MIN,82,82,3048,709,1570,0.452,103,289,0.356,606,1281,0.473,0.484,412,542,0.76,102,226,328,189,82,30,187,183,1933,F,3,1.01069518717,0.365853658537,0.0613517060367
Anthony Davis,C,23,NOP,75,75,2708,770,1526,0.505,40,134,0.299,730,1392,0.524,0.518,519,647,0.802,172,712,884,157,94,167,181,168,2099,C,5,0.867403314917,2.22666666667,0.0668389955687
Anthony Morrow,SG,31,TOT,49,7,714,98,252,0.389,41,133,0.308,57,119,0.479,0.47,34,37,0.919,12,19,31,25,24,2,6,44,271,G,2,4.16666666667,0.0408163265306,0.00840336134454
Anthony Tolliver,PF,31,SAC,65,9,1477,155,351,0.442,90,230,0.391,65,121,0.537,0.57,61,82,0.744,51,186,237,77,34,20,56,109,461,F,4,1.375,0.307692307692,0.0379146919431
Aron Baynes,C,30,DET,75,2,1163,143,279,0.513,0,0,,143,279,0.513,0.513,79,94,0.84,111,222,333,32,17,39,50,166,365,C,5,0.64,0.52,0.0429922613929
Arron Afflalo,SG,31,SAC,61,45,1580,185,420,0.44,62,151,0.411,123,269,0.457,0.514,83,93,0.892,9,116,125,78,21,6,42,104,515,G,2,1.85714285714,0.0983606557377,0.026582278481
Austin Rivers,SG,24,LAC,74,29,2054,323,731,0.442,111,299,0.371,212,432,0.491,0.518,132,191,0.691,20,141,161,204,48,10,115,187,889,G,2,1.77391304348,0.135135135135,0.055988315482
Avery Bradley,SG,26,BOS,55,55,1835,359,775,0.463,108,277,0.39,251,498,0.504,0.533,68,93,0.731,65,269,334,122,68,11,88,141,894,G,2,1.38636363636,0.2,0.0479564032698
Ben McLemore,SG,23,SAC,61,26,1176,180,419,0.43,65,170,0.382,115,249,0.462,0.507,70,93,0.753,19,110,129,51,29,6,62,108,495,G,2,0.822580645161,0.0983606557377,0.0527210884354
Beno Udrih,PG,34,DET,39,0,560,92,197,0.467,11,32,0.344,81,165,0.491,0.495,32,34,0.941,6,51,57,131,13,0,36,29,227,G,1,3.63888888889,0.0,0.0642857142857
Bismack Biyombo,C,24,ORL,81,27,1793,179,339,0.528,0,0,,179,339,0.528,0.528,125,234,0.534,157,410,567,74,25,91,95,202,483,C,5,0.778947368421,1.12345679012,0.05298382599
Blake Griffin,PF,27,LAC,61,61,2076,479,971,0.493,38,113,0.336,441,858,0.514,0.513,320,421,0.76,112,385,497,300,57,22,142,157,1316,F,4,2.11267605634,0.360655737705,0.0684007707129
Boban Marjanovic,C,28,DET,35,0,293,72,132,0.545,0,0,,72,132,0.545,0.545,47,58,0.81,46,84,130,9,6,12,10,25,191,C,5,0.9,0.342857142857,0.0341296928328
Bobby Portis,PF,21,CHI,64,13,1000,183,375,0.488,32,96,0.333,151,279,0.541,0.531,39,59,0.661,75,221,296,35,16,11,37,94,437,F,4,0.945945945946,0.171875,0.037
Bojan Bogdanovic,SF,27,TOT,81,54,2083,376,845,0.445,144,392,0.367,232,453,0.512,0.53,217,243,0.893,37,240,277,111,34,7,131,146,1113,F,3,0.847328244275,0.0864197530864,0.06289006241
Boris Diaw,PF,34,UTA,73,33,1283,146,327,0.446,20,81,0.247,126,246,0.512,0.477,26,35,0.743,46,112,158,170,18,9,87,83,338,F,4,1.95402298851,0.123287671233,0.0678098207327
Bradley Beal,SG,23,WAS,77,77,2684,637,1322,0.482,223,552,0.404,414,770,0.538,0.566,282,342,0.825,53,187,240,267,83,21,156,169,1779,G,2,1.71153846154,0.272727272727,0.0581222056632
Brandon Bass,PF,31,LAC,52,0,577,107,186,0.575,1,3,0.333,106,183,0.579,0.578,77,88,0.875,43,86,129,21,14,11,29,45,292,F,4,0.724137931034,0.211538461538,0.050259965338
Brandon Ingram,SF,19,LAL,79,40,2279,276,686,0.402,55,187,0.294,221,499,0.443,0.442,133,214,0.621,60,256,316,166,50,36,116,158,740,F,3,1.43103448276,0.455696202532,0.0508995173322
Brandon Jennings,PG,27,TOT,81,13,1802,192,535,0.359,79,252,0.313,113,283,0.399,0.433,114,152,0.75,29,167,196,395,70,4,128,116,577,G,1,3.0859375,0.0493827160494,0.0710321864595
Brandon Knight,SG,25,PHO,54,5,1140,209,525,0.398,45,139,0.324,164,386,0.425,0.441,132,154,0.857,25,93,118,130,27,5,88,87,595,G,2,1.47727272727,0.0925925925926,0.0771929824561
Brandon Rush,SG,31,MIN,47,33,1030,70,187,0.374,44,114,0.386,26,73,0.356,0.492,13,18,0.722,16,83,99,45,22,23,28,42,197,G,2,1.60714285714,0.489361702128,0.0271844660194
Brian Roberts,PG,31,CHO,41,2,416,46,122,0.377,17,44,0.386,29,78,0.372,0.447,33,39,0.846,5,34,39,52,9,1,26,18,142,G,1,2.0,0.0243902439024,0.0625
Brook Lopez,C,28,BRK,75,75,2222,555,1172,0.474,134,387,0.346,421,785,0.536,0.531,295,364,0.81,121,282,403,176,38,124,184,192,1539,C,5,0.95652173913,1.65333333333,0.0828082808281
Bryn Forbes,SG,23,SAS,36,0,285,36,99,0.364,17,53,0.321,19,46,0.413,0.449,5,6,0.833,2,21,23,23,1,0,11,20,94,G,2,2.09090909091,0.0,0.0385964912281
Buddy Hield,SG,23,TOT,82,55,1888,327,767,0.426,148,379,0.391,179,388,0.461,0.523,64,76,0.842,35,234,269,121,38,9,101,115,866,G,2,1.19801980198,0.109756097561,0.0534957627119
C.J. McCollum,SG,25,POR,80,80,2796,692,1441,0.48,185,439,0.421,507,1002,0.506,0.544,268,294,0.912,60,229,289,285,72,42,172,202,1837,G,2,1.65697674419,0.525,0.0615164520744
C.J. Miles,SF,29,IND,76,29,1776,281,647,0.434,169,409,0.413,112,238,0.471,0.565,84,93,0.903,30,199,229,48,46,25,40,151,815,F,3,1.2,0.328947368421,0.0225225225225
C.J. Watson,PG,32,ORL,62,9,1012,96,248,0.387,32,105,0.305,64,143,0.448,0.452,57,66,0.864,16,73,89,114,43,2,47,84,281,G,1,2.42553191489,0.0322580645161,0.046442687747
Cameron Payne,PG,22,TOT,31,0,462,64,193,0.332,27,86,0.314,37,107,0.346,0.402,5,8,0.625,3,45,48,55,14,4,29,52,160,G,1,1.89655172414,0.129032258065,0.0627705627706
Caris LeVert,SF,22,BRK,57,26,1237,171,380,0.45,59,184,0.321,112,196,0.571,0.528,67,93,0.72,23,165,188,110,49,8,59,91,468,F,3,1.86440677966,0.140350877193,0.0476960388036
Carmelo Anthony,SF,32,NYK,74,74,2538,602,1389,0.433,151,421,0.359,451,968,0.466,0.488,304,365,0.833,62,376,438,213,60,34,153,198,1659,F,3,1.39215686275,0.459459459459,0.0602836879433
Chandler Parsons,SF,28,MEM,34,34,675,75,222,0.338,25,93,0.269,50,129,0.388,0.394,35,43,0.814,6,78,84,55,20,5,24,52,210,F,3,2.29166666667,0.147058823529,0.0355555555556
Channing Frye,C,33,CLE,74,15,1398,238,520,0.458,137,335,0.409,101,185,0.546,0.589,63,74,0.851,37,253,290,45,33,37,53,138,676,C,5,0.849056603774,0.5,0.0379113018598
Chris Paul,PG,31,LAC,61,61,1921,374,785,0.476,124,302,0.411,250,483,0.518,0.555,232,260,0.892,40,264,304,563,119,8,147,146,1104,G,1,3.82993197279,0.131147540984,0.076522644456
Clint Capela,C,22,HOU,65,59,1551,362,563,0.643,0,0,,362,563,0.643,0.643,94,177,0.531,178,348,526,63,34,79,87,179,818,C,5,0.724137931034,1.21538461538,0.0560928433269
Cody Zeller,PF,24,CHO,62,58,1725,253,443,0.571,0,1,0.0,253,442,0.572,0.571,133,196,0.679,135,270,405,99,62,58,65,189,639,F,4,1.52307692308,0.935483870968,0.0376811594203
Cole Aldrich,C,28,MIN,62,0,531,45,86,0.523,0,0,,45,86,0.523,0.523,15,22,0.682,51,107,158,25,25,23,17,85,105,C,5,1.47058823529,0.370967741935,0.0320150659134
Corey Brewer,SF,30,TOT,82,11,1281,147,348,0.422,27,118,0.229,120,230,0.522,0.461,50,68,0.735,32,134,166,97,61,20,55,133,371,F,3,1.76363636364,0.243902439024,0.0429352068696
Cory Joseph,PG,25,TOR,80,22,2003,299,661,0.452,48,135,0.356,251,526,0.477,0.489,94,122,0.77,51,184,235,265,66,13,108,140,740,G,1,2.4537037037,0.1625,0.053919121318
Courtney Lee,SG,31,NYK,77,74,2459,321,704,0.456,108,269,0.401,213,435,0.49,0.533,85,98,0.867,53,206,259,179,81,24,69,141,835,G,2,2.59420289855,0.311688311688,0.0280601870679
Cristiano Felicio,C,24,CHI,66,0,1040,128,221,0.579,0,0,,128,221,0.579,0.579,60,93,0.645,124,187,311,40,25,17,33,110,316,C,5,1.21212121212,0.257575757576,0.0317307692308
D.J. Augustin,PG,29,ORL,78,20,1538,195,517,0.377,95,274,0.347,100,243,0.412,0.469,131,161,0.814,15,102,117,209,31,1,90,101,616,G,1,2.32222222222,0.0128205128205,0.0585175552666
Damian Lillard,PG,26,POR,75,75,2694,661,1488,0.444,214,579,0.37,447,909,0.492,0.516,488,545,0.895,46,322,368,440,68,20,197,152,2024,G,1,2.23350253807,0.266666666667,0.0731254639941
Damjan Rudez,SF,30,ORL,45,0,314,31,88,0.352,20,64,0.313,11,24,0.458,0.466,0,0,,5,20,25,20,12,1,9,31,82,F,3,2.22222222222,0.0222222222222,0.0286624203822
D'Angelo Russell,PG,20,LAL,63,60,1811,351,867,0.405,135,384,0.352,216,483,0.447,0.483,147,188,0.782,31,190,221,303,87,16,176,130,984,G,1,1.72159090909,0.253968253968,0.0971838763114
Danilo Gallinari,SF,28,DEN,63,63,2134,335,750,0.447,126,324,0.389,209,426,0.491,0.531,349,387,0.902,39,286,325,135,40,15,82,93,1145,F,3,1.64634146341,0.238095238095,0.0384254920337
Danny Green,SG,29,SAS,68,68,1807,176,449,0.392,118,311,0.379,58,138,0.42,0.523,27,32,0.844,31,193,224,124,70,57,76,120,497,G,2,1.63157894737,0.838235294118,0.0420586607637
Dante Cunningham,SF,29,NOP,66,35,1649,174,359,0.485,71,181,0.392,103,178,0.579,0.584,16,27,0.593,56,221,277,37,39,28,28,100,435,F,3,1.32142857143,0.424242424242,0.0169799878714
Dante Exum,PG,21,UTA,66,26,1228,155,363,0.427,44,149,0.295,111,214,0.519,0.488,58,73,0.795,30,102,132,111,21,12,80,146,412,G,1,1.3875,0.181818181818,0.0651465798046
Dario Saric,PF,22,PHI,81,36,2129,381,927,0.411,106,341,0.311,275,586,0.469,0.468,172,220,0.782,112,401,513,182,57,30,183,162,1040,F,4,0.994535519126,0.37037037037,0.0859558478159
Darrell Arthur,PF,28,DEN,41,7,639,95,215,0.442,53,117,0.453,42,98,0.429,0.565,19,22,0.864,25,87,112,42,19,21,36,76,262,F,4,1.16666666667,0.512195121951,0.056338028169
Darren Collison,PG,29,SAC,68,64,2063,340,714,0.476,73,175,0.417,267,539,0.495,0.527,147,171,0.86,23,129,152,312,67,9,114,119,900,G,1,2.73684210526,0.132352941176,0.0552593310713
Darrun Hilliard,SG,23,DET,39,1,381,47,126,0.373,12,46,0.261,35,80,0.438,0.421,21,28,0.75,2,31,33,33,11,2,28,39,127,G,2,1.17857142857,0.0512820512821,0.0734908136483
David Lee,PF,33,SAS,79,10,1477,248,420,0.59,0,0,,248,420,0.59,0.59,80,113,0.708,149,292,441,124,31,40,82,125,576,F,4,1.51219512195,0.506329113924,0.0555179417739
David West,C,36,GSW,68,0,854,135,252,0.536,3,8,0.375,132,244,0.541,0.542,43,56,0.768,47,156,203,151,42,48,78,105,316,C,5,1.9358974359,0.705882352941,0.0913348946136
Davis Bertans,PF,24,SAS,67,6,808,103,234,0.44,69,173,0.399,34,61,0.557,0.588,28,34,0.824,22,76,98,46,20,28,32,75,303,F,4,1.4375,0.417910447761,0.039603960396
DeAndre' Bembry,SF,22,ATL,38,1,371,47,98,0.48,1,18,0.056,46,80,0.575,0.485,6,16,0.375,14,45,59,28,8,5,16,21,101,F,3,1.75,0.131578947368,0.0431266846361
DeAndre Jordan,C,28,LAC,81,81,2570,412,577,0.714,0,2,0.0,412,575,0.717,0.714,205,425,0.482,298,816,1114,96,51,134,115,212,1029,C,5,0.834782608696,1.65432098765,0.0447470817121
DeAndre Liggins,SG,28,TOT,62,19,777,55,142,0.387,17,46,0.37,38,96,0.396,0.447,25,40,0.625,20,88,108,54,47,14,42,81,152,G,2,1.28571428571,0.225806451613,0.0540540540541
Dejounte Murray,PG,20,SAS,38,8,322,50,116,0.431,9,23,0.391,41,93,0.441,0.47,21,30,0.7,6,36,42,48,8,6,38,29,130,G,1,1.26315789474,0.157894736842,0.11801242236
DeMar DeRozan,SG,27,TOR,74,74,2620,721,1545,0.467,33,124,0.266,688,1421,0.484,0.477,545,647,0.842,70,316,386,290,78,13,180,134,2020,G,2,1.61111111111,0.175675675676,0.0687022900763
DeMarcus Cousins,C,26,TOT,72,72,2465,647,1432,0.452,131,363,0.361,516,1069,0.483,0.498,517,670,0.772,152,642,794,332,100,93,269,278,1942,C,5,1.23420074349,1.29166666667,0.109127789047
DeMarre Carroll,SF,30,TOR,72,72,1882,220,550,0.4,109,320,0.341,111,230,0.483,0.499,89,117,0.761,63,212,275,74,81,27,54,143,638,F,3,1.37037037037,0.375,0.028692879915
Dennis Schroder,PG,23,ATL,79,78,2485,548,1214,0.451,100,294,0.34,448,920,0.487,0.493,218,255,0.855,42,206,248,499,74,16,258,149,1414,G,1,1.93410852713,0.20253164557,0.103822937626
Denzel Valentine,SG,23,CHI,57,0,976,102,288,0.354,73,208,0.351,29,80,0.363,0.481,14,18,0.778,11,140,151,63,30,7,49,86,291,G,2,1.28571428571,0.122807017544,0.0502049180328
Deron Williams,PG,32,TOT,64,44,1657,263,600,0.438,85,234,0.363,178,366,0.486,0.509,90,109,0.826,14,133,147,360,31,8,138,138,701,G,1,2.60869565217,0.125,0.0832830416415
Derrick Favors,PF,25,UTA,50,39,1186,203,417,0.487,3,10,0.3,200,407,0.491,0.49,67,109,0.615,92,213,305,56,45,40,60,103,476,F,4,0.933333333333,0.8,0.0505902192243
Derrick Jones,SF,19,PHO,32,8,545,68,121,0.562,3,11,0.273,65,110,0.591,0.574,29,41,0.707,39,40,79,12,14,13,13,63,168,F,3,0.923076923077,0.40625,0.0238532110092
Derrick Rose,PG,28,NYK,64,64,2082,460,977,0.471,13,60,0.217,447,917,0.487,0.477,221,253,0.874,66,180,246,283,44,17,147,84,1154,G,1,1.92517006803,0.265625,0.0706051873199
Derrick Williams,PF,25,TOT,50,11,804,108,244,0.443,30,97,0.309,78,147,0.531,0.504,58,89,0.652,19,111,130,28,14,7,28,60,304,F,4,1.0,0.14,0.0348258706468
Devin Booker,SG,20,PHO,78,78,2730,606,1431,0.423,147,405,0.363,459,1026,0.447,0.475,367,441,0.832,46,203,249,268,72,21,241,242,1726,G,2,1.11203319502,0.269230769231,0.0882783882784
Devin Harris,PG,33,DAL,65,0,1087,136,341,0.399,58,177,0.328,78,164,0.476,0.484,107,129,0.829,11,116,127,136,43,7,57,101,437,G,1,2.38596491228,0.107692307692,0.0524379024839
Dewayne Dedmon,C,27,SAS,76,37,1330,161,259,0.622,0,0,,161,259,0.622,0.622,65,93,0.699,129,367,496,44,37,61,61,180,387,C,5,0.72131147541,0.802631578947,0.0458646616541
Deyonta Davis,C,20,MEM,36,0,238,24,47,0.511,0,0,,24,47,0.511,0.511,10,18,0.556,20,40,60,2,3,17,8,40,58,C,5,0.25,0.472222222222,0.0336134453782
Dion Waiters,SG,25,MIA,46,43,1384,281,663,0.424,85,215,0.395,196,448,0.438,0.488,82,127,0.646,18,135,153,200,42,20,103,95,729,G,2,1.94174757282,0.434782608696,0.0744219653179
Dirk Nowitzki,PF,38,DAL,54,54,1424,296,678,0.437,79,209,0.378,217,469,0.463,0.495,98,112,0.875,23,330,353,82,30,38,51,113,769,F,4,1.60784313725,0.703703703704,0.0358146067416
Domantas Sabonis,PF,20,OKC,81,66,1632,192,481,0.399,51,159,0.321,141,322,0.438,0.452,44,67,0.657,46,242,288,82,39,32,83,200,479,F,4,0.987951807229,0.395061728395,0.0508578431373
Donatas Motiejunas,PF,26,NOP,34,0,479,57,138,0.413,11,47,0.234,46,91,0.505,0.453,25,49,0.51,26,75,101,32,18,11,31,55,150,F,4,1.03225806452,0.323529411765,0.0647181628392
Dorian Finney-Smith,PF,23,DAL,81,35,1642,124,333,0.372,56,191,0.293,68,142,0.479,0.456,46,61,0.754,55,167,222,67,52,25,45,125,350,F,4,1.48888888889,0.308641975309,0.0274056029233
Doug McDermott,SF,25,TOT,66,5,1508,222,497,0.447,77,208,0.37,145,289,0.502,0.524,71,84,0.845,20,159,179,58,13,5,38,79,592,F,3,1.52631578947,0.0757575757576,0.025198938992
Dragan Bender,PF,19,PHO,43,0,574,57,161,0.354,28,101,0.277,29,60,0.483,0.441,4,11,0.364,23,80,103,23,10,22,32,74,146,F,4,0.71875,0.511627906977,0.0557491289199
Draymond Green,PF,26,GSW,76,76,2471,272,650,0.418,81,263,0.308,191,387,0.494,0.481,151,213,0.709,98,501,599,533,154,106,184,217,776,F,4,2.89673913043,1.39473684211,0.0744637798462
Dwight Howard,C,31,ATL,74,74,2199,388,613,0.633,0,2,0.0,388,611,0.635,0.633,226,424,0.533,296,644,940,104,64,92,170,203,1002,C,5,0.611764705882,1.24324324324,0.0773078672124
Dwight Powell,C,25,DAL,77,3,1333,194,377,0.515,21,74,0.284,173,303,0.571,0.542,107,141,0.759,93,213,306,49,61,39,34,135,516,C,5,1.44117647059,0.506493506494,0.0255063765941
Dwyane Wade,SG,35,CHI,60,59,1792,414,955,0.434,45,145,0.31,369,810,0.456,0.457,223,281,0.794,63,207,270,228,86,41,138,112,1096,G,2,1.65217391304,0.683333333333,0.0770089285714
Ed Davis,PF,27,POR,46,12,789,75,142,0.528,0,0,,75,142,0.528,0.528,50,81,0.617,96,148,244,26,15,22,37,137,200,F,4,0.702702702703,0.478260869565,0.0468948035488
Elfrid Payton,PG,22,ORL,82,58,2412,430,912,0.471,40,146,0.274,390,766,0.509,0.493,146,211,0.692,89,298,387,529,88,40,178,177,1046,G,1,2.97191011236,0.487804878049,0.0737976782753
Emmanuel Mudiay,PG,20,DEN,55,41,1406,208,551,0.377,56,178,0.315,152,373,0.408,0.428,131,167,0.784,29,149,178,217,41,13,123,95,603,G,1,1.76422764228,0.236363636364,0.0874822190612
Enes Kanter,C,24,OKC,72,0,1533,402,737,0.545,5,38,0.132,397,699,0.568,0.549,224,285,0.786,195,287,482,67,32,38,123,154,1033,C,5,0.544715447154,0.527777777778,0.0802348336595
Eric Bledsoe,PG,27,PHO,66,66,2176,449,1034,0.434,104,310,0.335,345,724,0.477,0.485,388,458,0.847,52,268,320,418,91,31,224,164,1390,G,1,1.86607142857,0.469696969697,0.102941176471
Eric Gordon,SG,28,HOU,75,15,2323,412,1016,0.406,246,661,0.372,166,355,0.468,0.527,147,175,0.84,29,172,201,188,48,41,121,150,1217,G,2,1.55371900826,0.546666666667,0.0520878174774
Ersan Ilyasova,PF,29,TOT,82,52,2142,384,890,0.431,142,402,0.353,242,488,0.496,0.511,161,207,0.778,115,366,481,141,58,23,116,211,1071,F,4,1.21551724138,0.280487804878,0.0541549953315
E'Twaun Moore,SG,27,NOP,73,22,1820,283,619,0.457,77,208,0.37,206,411,0.501,0.519,57,74,0.77,33,119,152,164,50,32,62,131,700,G,2,2.64516129032,0.438356164384,0.0340659340659
Evan Fournier,SG,24,ORL,68,66,2234,408,930,0.439,128,360,0.356,280,570,0.491,0.508,223,277,0.805,44,165,209,202,66,4,141,180,1167,G,2,1.43262411348,0.0588235294118,0.0631154879141
Evan Turner,SF,28,POR,65,12,1658,235,552,0.426,31,118,0.263,204,434,0.47,0.454,85,103,0.825,36,211,247,205,53,24,100,121,586,F,3,2.05,0.369230769231,0.0603136308806
Frank Kaminsky,C,23,CHO,75,16,1954,320,802,0.399,116,354,0.328,204,448,0.455,0.471,118,156,0.756,57,279,336,162,46,34,76,139,874,C,5,2.13157894737,0.453333333333,0.0388945752303
Fred VanVleet,PG,22,TOR,37,0,294,39,111,0.351,11,29,0.379,28,82,0.341,0.401,18,22,0.818,4,38,42,35,16,3,15,36,107,G,1,2.33333333333,0.0810810810811,0.0510204081633
Garrett Temple,SG,30,SAC,65,21,1728,183,432,0.424,82,220,0.373,101,212,0.476,0.519,58,74,0.784,32,152,184,168,84,28,78,141,506,G,2,2.15384615385,0.430769230769,0.0451388888889
Gary Harris,SG,22,DEN,57,56,1782,320,637,0.502,107,255,0.42,213,382,0.558,0.586,104,134,0.776,48,130,178,164,71,8,76,92,851,G,2,2.15789473684,0.140350877193,0.0426487093154
George Hill,PG,30,UTA,49,49,1544,289,606,0.477,94,233,0.403,195,373,0.523,0.554,157,196,0.801,23,144,167,204,50,11,85,114,829,G,1,2.4,0.224489795918,0.0550518134715
Gerald Green,SF,31,BOS,47,0,538,95,232,0.409,39,111,0.351,56,121,0.463,0.494,33,41,0.805,16,68,84,33,9,7,25,48,262,F,3,1.32,0.148936170213,0.046468401487
Gerald Henderson,SG,29,PHI,72,41,1667,234,553,0.423,61,173,0.353,173,380,0.455,0.478,133,165,0.806,34,151,185,112,40,15,62,129,662,G,2,1.8064516129,0.208333333333,0.0371925614877
Giannis Antetokounmpo,SF,22,MIL,80,80,2845,656,1259,0.521,49,180,0.272,607,1079,0.563,0.541,471,612,0.77,142,558,700,434,131,151,234,246,1832,F,3,1.8547008547,1.8875,0.0822495606327
Glenn Robinson,SF,23,IND,69,27,1427,158,338,0.467,49,125,0.392,109,213,0.512,0.54,54,76,0.711,57,189,246,47,41,20,37,63,419,F,3,1.27027027027,0.289855072464,0.0259285213735
Goran Dragic,PG,30,MIA,73,73,2459,534,1124,0.475,117,289,0.405,417,835,0.499,0.527,298,377,0.79,62,217,279,423,89,13,212,199,1483,G,1,1.99528301887,0.178082191781,0.0862139080927
Gordon Hayward,SF,26,UTA,73,73,2516,545,1156,0.471,149,374,0.398,396,782,0.506,0.536,362,429,0.844,49,345,394,252,73,20,140,117,1601,F,3,1.8,0.27397260274,0.0556438791733
Gorgui Dieng,PF,27,MIN,82,82,2653,332,661,0.502,16,43,0.372,316,618,0.511,0.514,136,167,0.814,188,459,647,158,88,95,107,254,816,F,4,1.47663551402,1.15853658537,0.0403316999623
Greg Monroe,C,26,MIL,81,0,1823,387,726,0.533,0,4,0.0,387,722,0.536,0.533,177,239,0.741,167,365,532,187,92,38,140,168,951,C,5,1.33571428571,0.469135802469,0.0767964893033
Harrison Barnes,PF,24,DAL,79,79,2803,599,1280,0.468,78,222,0.351,521,1058,0.492,0.498,242,281,0.861,93,301,394,116,65,15,102,128,1518,F,4,1.13725490196,0.189873417722,0.0363895825901
Hassan Whiteside,C,27,MIA,77,77,2513,542,973,0.557,0,0,,542,973,0.557,0.557,225,358,0.628,293,795,1088,57,57,161,154,226,1309,C,5,0.37012987013,2.09090909091,0.0612813370474
Hollis Thompson,SG,25,TOT,40,9,752,77,200,0.385,32,95,0.337,45,105,0.429,0.465,19,29,0.655,19,93,112,35,20,6,11,69,205,G,2,3.18181818182,0.15,0.0146276595745
Ian Clark,SG,25,GSW,77,0,1137,211,433,0.487,61,163,0.374,150,270,0.556,0.558,44,58,0.759,22,99,121,90,39,8,55,77,527,G,2,1.63636363636,0.103896103896,0.0483729111697
Ian Mahinmi,C,30,WAS,31,0,555,65,111,0.586,0,0,,65,111,0.586,0.586,43,75,0.573,47,103,150,19,33,24,34,90,173,C,5,0.558823529412,0.774193548387,0.0612612612613
Iman Shumpert,SG,26,CLE,76,31,1937,201,489,0.411,94,261,0.36,107,228,0.469,0.507,71,90,0.789,39,179,218,109,62,27,78,150,567,G,2,1.39743589744,0.355263157895,0.0402684563758
Isaiah Canaan,SG,25,CHI,39,0,592,63,173,0.364,25,94,0.266,38,79,0.481,0.436,30,33,0.909,6,44,50,37,22,1,21,35,181,G,2,1.7619047619,0.025641025641,0.035472972973
Isaiah Thomas,PG,27,BOS,76,76,2569,682,1473,0.463,245,646,0.379,437,827,0.528,0.546,590,649,0.909,43,162,205,448,70,13,210,167,2199,G,1,2.13333333333,0.171052631579,0.0817438692098
Isaiah Whitehead,PG,21,BRK,73,26,1643,204,508,0.402,44,149,0.295,160,359,0.446,0.445,91,113,0.805,32,152,184,192,42,36,142,175,543,G,1,1.35211267606,0.493150684932,0.0864272671942
Ish Smith,PG,28,DET,81,32,1955,329,749,0.439,28,105,0.267,301,644,0.467,0.458,72,102,0.706,21,214,235,418,61,33,112,127,758,G,1,3.73214285714,0.407407407407,0.0572890025575
Ivica Zubac,C,19,LAL,38,11,609,126,238,0.529,0,3,0.0,126,235,0.536,0.529,32,49,0.653,41,118,159,30,14,33,30,66,284,C,5,1.0,0.868421052632,0.0492610837438
J.J. Barea,PG,32,DAL,35,6,771,142,343,0.414,53,148,0.358,89,195,0.456,0.491,44,51,0.863,9,75,84,193,14,1,63,30,381,G,1,3.06349206349,0.0285714285714,0.0817120622568
J.J. Redick,SG,32,LAC,78,78,2198,396,890,0.445,201,468,0.429,195,422,0.462,0.558,180,202,0.891,11,160,171,110,54,13,98,125,1173,G,2,1.12244897959,0.166666666667,0.0445859872611
J.R. Smith,SG,31,CLE,41,35,1187,123,356,0.346,95,271,0.351,28,85,0.329,0.479,10,15,0.667,17,96,113,62,40,11,26,77,351,G,2,2.38461538462,0.268292682927,0.0219039595619
Jabari Parker,PF,21,MIL,51,50,1728,399,814,0.49,65,178,0.365,334,636,0.525,0.53,162,218,0.743,79,235,314,142,50,22,93,111,1025,F,4,1.52688172043,0.43137254902,0.0538194444444
Jae Crowder,SF,26,BOS,72,72,2335,333,720,0.463,157,394,0.398,176,326,0.54,0.572,176,217,0.811,48,367,415,155,73,23,80,161,999,F,3,1.9375,0.319444444444,0.03426124197
Jahlil Okafor,C,21,PHI,50,33,1134,242,471,0.514,0,0,,242,471,0.514,0.514,106,158,0.671,81,159,240,58,20,49,91,122,590,C,5,0.637362637363,0.98,0.0802469135802
Jake Layman,SF,22,POR,35,1,249,26,89,0.292,13,51,0.255,13,38,0.342,0.365,13,17,0.765,6,18,24,11,9,3,11,22,78,F,3,1.0,0.0857142857143,0.0441767068273
Jakob Poeltl,C,21,TOR,54,4,626,67,115,0.583,0,0,,67,115,0.583,0.583,31,57,0.544,78,87,165,12,17,20,29,113,165,C,5,0.413793103448,0.37037037037,0.0463258785942
Jamal Crawford,SG,36,LAC,82,1,2157,359,870,0.413,116,322,0.36,243,548,0.443,0.479,174,203,0.857,17,112,129,214,61,14,134,115,1008,G,2,1.59701492537,0.170731707317,0.0621233194251
Jamal Murray,SG,19,DEN,82,10,1764,295,730,0.404,115,344,0.334,180,386,0.466,0.483,106,120,0.883,41,173,214,170,51,24,113,124,811,G,2,1.50442477876,0.292682926829,0.0640589569161
Jameer Nelson,PG,34,DEN,75,39,2045,268,604,0.444,106,273,0.388,162,331,0.489,0.531,45,63,0.714,28,164,192,385,54,8,128,197,687,G,1,3.0078125,0.106666666667,0.0625916870416
James Ennis,SF,26,MEM,64,28,1501,146,321,0.455,51,137,0.372,95,184,0.516,0.534,86,110,0.782,69,190,259,64,46,19,59,165,429,F,3,1.08474576271,0.296875,0.0393071285809
James Harden,PG,27,HOU,81,81,2947,674,1533,0.44,262,756,0.347,412,777,0.53,0.525,746,881,0.847,95,564,659,907,121,38,464,215,2356,G,1,1.95474137931,0.469135802469,0.15744825246
James Johnson,PF,29,MIA,76,5,2085,368,769,0.479,87,256,0.34,281,513,0.548,0.535,152,215,0.707,66,310,376,276,76,86,171,197,975,F,4,1.61403508772,1.13157894737,0.0820143884892
James Jones,SF,36,CLE,48,2,381,44,92,0.478,31,66,0.47,13,26,0.5,0.647,13,20,0.65,3,34,37,14,6,10,10,37,132,F,3,1.4,0.208333333333,0.0262467191601
James Michael McAdoo,PF,24,GSW,52,2,457,62,117,0.53,2,8,0.25,60,109,0.55,0.538,21,42,0.5,34,57,91,18,18,29,19,47,147,F,4,0.947368421053,0.557692307692,0.0415754923414
JaMychal Green,PF,26,MEM,77,75,2101,250,500,0.5,55,145,0.379,195,355,0.549,0.555,134,167,0.802,167,377,544,84,47,34,94,248,689,F,4,0.893617021277,0.441558441558,0.0447405997144
Jared Dudley,PF,31,PHO,64,7,1362,157,346,0.454,77,203,0.379,80,143,0.559,0.565,43,65,0.662,31,194,225,121,42,16,73,154,434,F,4,1.65753424658,0.25,0.053597650514
Jarell Martin,PF,22,MEM,42,3,558,58,151,0.384,9,25,0.36,49,126,0.389,0.414,40,50,0.8,42,120,162,8,17,9,28,91,165,F,4,0.285714285714,0.214285714286,0.0501792114695
Jason Smith,C,30,WAS,74,3,1068,174,329,0.529,37,78,0.474,137,251,0.546,0.585,35,51,0.686,64,194,258,37,21,54,58,168,420,C,5,0.637931034483,0.72972972973,0.0543071161049
Jason Terry,SG,39,MIL,74,0,1365,105,243,0.432,73,171,0.427,32,72,0.444,0.582,24,29,0.828,15,91,106,98,46,20,36,95,307,G,2,2.72222222222,0.27027027027,0.0263736263736
JaVale McGee,C,29,GSW,77,10,739,208,319,0.652,0,3,0.0,208,316,0.658,0.652,56,111,0.505,100,144,244,17,19,67,40,109,472,C,5,0.425,0.87012987013,0.0541271989175
Jaylen Brown,SF,20,BOS,78,20,1341,192,423,0.454,46,135,0.341,146,288,0.507,0.508,85,124,0.685,45,175,220,64,35,18,68,142,515,F,3,0.941176470588,0.230769230769,0.0507084265474
Jeff Green,PF,30,ORL,69,11,1534,220,558,0.394,53,193,0.275,167,365,0.458,0.442,145,168,0.863,39,175,214,81,37,13,75,103,638,F,4,1.08,0.188405797101,0.0488917861799
Jeff Teague,PG,28,IND,82,82,2657,402,909,0.442,90,252,0.357,312,657,0.475,0.492,360,415,0.867,33,297,330,639,100,32,216,165,1254,G,1,2.95833333333,0.390243902439,0.0812946932631
Jeff Withey,C,26,UTA,51,1,432,55,103,0.534,0,1,0.0,55,102,0.539,0.534,36,48,0.75,52,69,121,7,16,32,14,52,146,C,5,0.5,0.627450980392,0.0324074074074
Jerami Grant,SF,22,TOT,80,4,1531,152,328,0.463,43,116,0.371,109,212,0.514,0.529,90,147,0.612,38,167,205,46,33,79,44,149,437,F,3,1.04545454545,0.9875,0.0287393860222
Jeremy Lamb,SG,24,CHO,62,5,1143,226,491,0.46,41,146,0.281,185,345,0.536,0.502,110,129,0.853,30,234,264,75,27,23,40,98,603,G,2,1.875,0.370967741935,0.0349956255468
Jeremy Lin,PG,28,BRK,36,33,883,175,400,0.438,58,156,0.372,117,244,0.48,0.51,115,141,0.816,11,124,135,184,42,14,86,79,523,G,1,2.13953488372,0.388888888889,0.0973952434881
Jerian Grant,PG,24,CHI,63,28,1028,128,301,0.425,49,134,0.366,79,167,0.473,0.507,65,73,0.89,17,94,111,121,47,8,44,93,370,G,1,2.75,0.126984126984,0.0428015564202
Jimmy Butler,SF,27,CHI,76,75,2809,570,1252,0.455,91,248,0.367,479,1004,0.477,0.492,585,676,0.865,129,341,470,417,143,32,159,112,1816,F,3,2.62264150943,0.421052631579,0.0566037735849
Joakim Noah,C,31,NYK,46,46,1015,99,202,0.49,0,1,0.0,99,201,0.493,0.49,34,78,0.436,162,241,403,103,30,37,58,127,232,C,5,1.77586206897,0.804347826087,0.0571428571429
Jodie Meeks,SG,29,ORL,36,10,738,103,256,0.402,56,137,0.409,47,119,0.395,0.512,65,74,0.878,5,72,77,45,34,4,36,41,327,G,2,1.25,0.111111111111,0.0487804878049
Joe Harris,SG,25,BRK,52,11,1138,154,362,0.425,85,221,0.385,69,141,0.489,0.543,35,49,0.714,16,131,147,54,30,8,55,121,428,G,2,0.981818181818,0.153846153846,0.0483304042179
Joe Ingles,SF,29,UTA,82,26,1972,204,451,0.452,123,279,0.441,81,172,0.471,0.589,50,68,0.735,23,238,261,225,96,8,107,163,581,F,3,2.10280373832,0.0975609756098,0.0542596348884
Joe Johnson,SF,35,UTA,78,14,1843,273,626,0.436,106,258,0.411,167,368,0.454,0.521,63,77,0.818,33,210,243,144,36,18,69,93,715,F,3,2.08695652174,0.230769230769,0.0374389582203
Joe Young,PG,24,IND,33,0,135,26,72,0.361,5,23,0.217,21,49,0.429,0.396,11,15,0.733,1,16,17,15,4,0,5,5,68,G,1,3.0,0.0,0.037037037037
Joel Embiid,C,22,PHI,31,31,786,200,429,0.466,36,98,0.367,164,331,0.495,0.508,191,244,0.783,61,182,243,66,27,76,117,112,627,C,5,0.564102564103,2.45161290323,0.148854961832
Joffrey Lauvergne,C,25,TOT,70,1,980,148,336,0.44,33,98,0.337,115,238,0.483,0.49,46,73,0.63,72,179,251,70,25,6,56,83,375,C,5,1.25,0.0857142857143,0.0571428571429
John Henson,C,26,MIL,58,39,1123,159,309,0.515,0,1,0.0,159,308,0.516,0.515,74,107,0.692,92,203,295,57,29,78,52,151,392,C,5,1.09615384615,1.34482758621,0.0463045414069
John Wall,PG,26,WAS,78,78,2836,647,1435,0.451,89,272,0.327,558,1163,0.48,0.482,422,527,0.801,59,267,326,831,157,49,322,151,1805,G,1,2.58074534161,0.628205128205,0.113540197461
Jon Leuer,PF,27,DET,75,34,1944,310,646,0.48,49,167,0.293,261,479,0.545,0.518,98,113,0.867,102,300,402,111,31,26,66,145,767,F,4,1.68181818182,0.346666666667,0.033950617284
Jonas Jerebko,PF,29,BOS,78,6,1232,114,262,0.435,45,130,0.346,69,132,0.523,0.521,26,37,0.703,59,213,272,71,25,17,39,122,299,F,4,1.82051282051,0.217948717949,0.0316558441558
Jonas Valanciunas,C,24,TOR,80,80,2066,391,702,0.557,1,2,0.5,390,700,0.557,0.558,176,217,0.811,226,533,759,57,37,63,106,216,959,C,5,0.537735849057,0.7875,0.0513068731849
Jonathon Simmons,SG,27,SAS,78,8,1392,177,421,0.42,30,102,0.294,147,319,0.461,0.456,99,132,0.75,20,140,160,126,47,25,76,146,483,G,2,1.65789473684,0.320512820513,0.0545977011494
Jordan Clarkson,SG,24,LAL,82,19,2397,477,1071,0.445,117,356,0.329,360,715,0.503,0.5,134,168,0.798,49,197,246,213,88,8,164,150,1205,G,2,1.2987804878,0.0975609756098,0.0684188569045
Jordan McRae,SG,25,CLE,37,4,384,58,150,0.387,18,51,0.353,40,99,0.404,0.447,27,34,0.794,6,35,41,19,8,6,14,31,161,G,2,1.35714285714,0.162162162162,0.0364583333333
Jose Calderon,PG,35,TOT,41,13,539,55,134,0.41,20,64,0.313,35,70,0.5,0.485,11,12,0.917,15,59,74,88,11,1,41,36,141,G,1,2.14634146341,0.0243902439024,0.0760667903525
Josh Richardson,SG,23,MIA,53,34,1614,202,513,0.394,75,227,0.33,127,286,0.444,0.467,60,77,0.779,35,133,168,140,60,39,65,132,539,G,2,2.15384615385,0.735849056604,0.0402726146221
Jrue Holiday,PG,26,NOP,67,61,2190,405,893,0.454,100,281,0.356,305,612,0.498,0.51,119,168,0.708,46,218,264,488,100,44,194,133,1029,G,1,2.51546391753,0.65671641791,0.0885844748858
Juan Hernangomez,PF,21,DEN,62,9,842,101,224,0.451,46,113,0.407,55,111,0.495,0.554,57,76,0.75,43,144,187,29,30,12,31,62,305,F,4,0.935483870968,0.193548387097,0.0368171021378
Julius Randle,PF,22,LAL,74,73,2132,377,773,0.488,17,63,0.27,360,710,0.507,0.499,204,282,0.723,150,486,636,264,49,37,173,248,975,F,4,1.52601156069,0.5,0.0811444652908
Justin Anderson,SF,23,TOT,75,10,1228,186,439,0.424,58,194,0.299,128,245,0.522,0.49,102,129,0.791,69,176,245,66,41,23,66,109,532,F,3,1.0,0.306666666667,0.0537459283388
Justin Hamilton,C,26,BRK,64,7,1177,174,379,0.459,55,180,0.306,119,199,0.598,0.532,39,52,0.75,71,191,262,55,29,43,43,91,442,C,5,1.27906976744,0.671875,0.036533559898
Justin Holiday,SG,27,NYK,82,4,1639,233,538,0.433,97,273,0.355,136,265,0.513,0.523,66,80,0.825,27,198,225,102,65,31,66,109,629,G,2,1.54545454545,0.378048780488,0.0402684563758
Jusuf Nurkic,C,22,TOT,65,48,1391,271,534,0.507,0,1,0.0,271,533,0.508,0.507,120,210,0.571,154,313,467,123,50,74,143,161,662,C,5,0.86013986014,1.13846153846,0.102803738318
K.J. McDaniels,SF,23,TOT,49,0,505,77,169,0.456,20,66,0.303,57,103,0.553,0.515,32,38,0.842,15,67,82,13,19,18,29,49,206,F,3,0.448275862069,0.367346938776,0.0574257425743
Karl-Anthony Towns,C,21,MIN,82,82,3030,802,1480,0.542,101,275,0.367,701,1205,0.582,0.576,356,428,0.832,296,711,1007,220,56,103,212,241,2061,C,5,1.03773584906,1.25609756098,0.0699669966997
Kawhi Leonard,SF,25,SAS,74,74,2474,636,1312,0.485,147,387,0.38,489,925,0.529,0.541,469,533,0.88,80,350,430,260,133,55,154,122,1888,F,3,1.68831168831,0.743243243243,0.0622473726758
Kay Felder,PG,21,CLE,42,0,386,62,158,0.392,7,22,0.318,55,136,0.404,0.415,35,49,0.714,3,38,41,58,18,7,30,38,166,G,1,1.93333333333,0.166666666667,0.0777202072539
Kelly Olynyk,C,25,BOS,75,6,1538,260,508,0.512,68,192,0.354,192,316,0.608,0.579,90,123,0.732,73,288,361,148,43,29,96,207,678,C,5,1.54166666667,0.386666666667,0.0624187256177
Kelly Oubre,SF,21,WAS,79,5,1605,186,442,0.421,54,188,0.287,132,254,0.52,0.482,75,99,0.758,61,200,261,47,58,17,50,195,501,F,3,0.94,0.215189873418,0.0311526479751
Kemba Walker,PG,26,CHO,79,79,2739,643,1449,0.444,240,602,0.399,403,847,0.476,0.527,304,359,0.847,45,263,308,434,85,22,168,119,1830,G,1,2.58333333333,0.278481012658,0.0613362541073
Kenneth Faried,PF,27,DEN,61,34,1296,228,416,0.548,0,6,0.0,228,410,0.556,0.548,131,189,0.693,183,279,462,55,43,40,59,124,587,F,4,0.932203389831,0.655737704918,0.045524691358
Kent Bazemore,SF,27,ATL,73,64,1963,295,721,0.409,92,266,0.346,203,455,0.446,0.473,119,168,0.708,45,186,231,177,91,52,125,165,801,F,3,1.416,0.712328767123,0.0636780438105
Kentavious Caldwell-Pope,SG,23,DET,76,75,2529,370,928,0.399,153,437,0.35,217,491,0.442,0.481,154,185,0.832,55,193,248,193,89,12,86,118,1047,G,2,2.24418604651,0.157894736842,0.0340055357849
Kevin Durant,SF,28,GSW,62,62,2070,551,1026,0.537,117,312,0.375,434,714,0.608,0.594,336,384,0.875,39,474,513,300,66,99,138,117,1555,F,3,2.17391304348,1.59677419355,0.0666666666667
Kevin Love,PF,28,CLE,60,60,1885,370,867,0.427,145,389,0.373,225,478,0.471,0.51,257,295,0.871,148,518,666,116,53,21,122,125,1142,F,4,0.950819672131,0.35,0.0647214854111
Kevin Seraphin,PF,27,IND,49,3,559,109,198,0.551,0,2,0.0,109,196,0.556,0.551,14,22,0.636,41,101,142,23,7,20,29,66,232,F,4,0.793103448276,0.408163265306,0.0518783542039
Kevon Looney,C,20,GSW,53,4,447,56,107,0.523,2,9,0.222,54,98,0.551,0.533,21,34,0.618,44,80,124,29,15,17,17,64,135,C,5,1.70588235294,0.320754716981,0.0380313199105
Klay Thompson,SG,26,GSW,78,78,2649,644,1376,0.468,268,647,0.414,376,729,0.516,0.565,186,218,0.853,49,236,285,160,66,40,128,139,1742,G,2,1.25,0.512820512821,0.0483201208003
Kosta Koufos,C,27,SAC,71,62,1419,216,392,0.551,0,1,0.0,216,391,0.552,0.551,38,62,0.613,118,285,403,47,36,48,61,172,470,C,5,0.770491803279,0.676056338028,0.0429880197322
Kris Dunn,PG,22,MIN,78,7,1333,118,313,0.377,21,73,0.288,97,240,0.404,0.411,36,59,0.61,24,142,166,188,78,36,89,178,293,G,1,2.11235955056,0.461538461538,0.0667666916729
Kris Humphries,PF,31,ATL,56,4,689,87,214,0.407,19,54,0.352,68,160,0.425,0.451,64,82,0.78,60,146,206,29,15,21,28,69,257,F,4,1.03571428571,0.375,0.0406386066763
Kristaps Porzingis,PF,21,NYK,66,65,2164,443,985,0.45,112,314,0.357,331,671,0.493,0.507,198,252,0.786,111,364,475,97,47,129,118,244,1196,F,4,0.822033898305,1.95454545455,0.054528650647
Kyle Anderson,SG,23,SAS,72,14,1020,93,209,0.445,15,40,0.375,78,169,0.462,0.481,45,57,0.789,33,175,208,91,51,26,39,63,246,G,2,2.33333333333,0.361111111111,0.0382352941176
Kyle Korver,SG,35,TOT,67,22,1753,239,515,0.464,162,359,0.451,77,156,0.494,0.621,38,42,0.905,7,179,186,110,34,21,69,107,678,G,2,1.59420289855,0.313432835821,0.0393610952653
Kyle Lowry,PG,30,TOR,60,60,2244,426,918,0.464,193,468,0.412,233,450,0.518,0.569,299,365,0.819,48,238,286,417,88,19,173,170,1344,G,1,2.41040462428,0.316666666667,0.0770944741533
Kyle O'Quinn,C,26,NYK,79,8,1229,215,413,0.521,2,17,0.118,213,396,0.538,0.523,64,83,0.771,157,282,439,117,36,104,76,174,496,C,5,1.53947368421,1.3164556962,0.0618388934093
Kyle Singler,SF,28,OKC,32,2,385,34,83,0.41,7,37,0.189,27,46,0.587,0.452,13,17,0.765,8,40,48,9,7,5,11,29,88,F,3,0.818181818182,0.15625,0.0285714285714
Kyrie Irving,PG,24,CLE,72,72,2525,671,1420,0.473,177,441,0.401,494,979,0.505,0.535,297,328,0.905,52,178,230,418,83,24,180,157,1816,G,1,2.32222222222,0.333333333333,0.0712871287129
LaMarcus Aldridge,PF,31,SAS,72,72,2335,500,1049,0.477,23,56,0.411,477,993,0.48,0.488,220,271,0.812,172,351,523,139,46,88,98,158,1243,F,4,1.41836734694,1.22222222222,0.0419700214133
Lance Thomas,PF,28,NYK,46,15,968,97,244,0.398,38,85,0.447,59,159,0.371,0.475,43,51,0.843,32,110,142,35,21,5,25,85,275,F,4,1.4,0.108695652174,0.025826446281
Langston Galloway,PG,25,TOT,74,2,1495,207,545,0.38,120,308,0.39,87,237,0.367,0.49,51,64,0.797,27,129,156,93,46,6,46,96,585,G,1,2.02173913043,0.0810810810811,0.0307692307692
Larry Nance Jr.,PF,24,LAL,63,7,1442,190,361,0.526,10,36,0.278,180,325,0.554,0.54,59,80,0.738,120,249,369,96,82,39,56,149,449,F,4,1.71428571429,0.619047619048,0.0388349514563
Lavoy Allen,PF,27,IND,61,5,871,77,168,0.458,0,1,0.0,77,167,0.461,0.458,23,33,0.697,105,114,219,57,18,24,29,78,177,F,4,1.96551724138,0.393442622951,0.0332950631458
Leandro Barbosa,SG,34,PHO,67,0,963,172,392,0.439,35,98,0.357,137,294,0.466,0.483,40,45,0.889,15,89,104,81,31,8,48,82,419,G,2,1.6875,0.119402985075,0.0498442367601
LeBron James,SF,32,CLE,74,74,2794,736,1344,0.548,124,342,0.363,612,1002,0.611,0.594,358,531,0.674,97,542,639,646,92,44,303,134,1954,F,3,2.13201320132,0.594594594595,0.108446671439
Lou Williams,SG,30,TOT,81,1,1994,428,998,0.429,163,446,0.365,265,552,0.48,0.511,402,457,0.88,26,176,202,239,80,20,160,92,1421,G,2,1.49375,0.246913580247,0.0802407221665
Luc Mbah a Moute,SF,30,LAC,80,76,1787,191,378,0.505,43,110,0.391,148,268,0.552,0.562,59,87,0.678,44,126,170,39,81,35,46,122,484,F,3,0.847826086957,0.4375,0.0257414661444
Lucas Nogueira,C,24,TOR,57,6,1088,103,156,0.66,3,12,0.25,100,144,0.694,0.67,44,67,0.657,82,162,244,42,52,89,46,137,253,C,5,0.913043478261,1.56140350877,0.0422794117647
Luis Scola,PF,36,BRK,36,1,461,71,151,0.47,17,50,0.34,54,101,0.535,0.526,25,37,0.676,51,88,139,37,14,4,34,63,184,F,4,1.08823529412,0.111111111111,0.0737527114967
Luke Babbitt,SF,27,MIA,68,55,1065,113,281,0.402,87,210,0.414,26,71,0.366,0.557,11,15,0.733,12,129,141,36,20,11,25,118,324,F,3,1.44,0.161764705882,0.0234741784038
Luol Deng,SF,31,LAL,56,49,1486,164,424,0.387,51,165,0.309,113,259,0.436,0.447,46,63,0.73,63,232,295,74,48,20,43,61,425,F,3,1.72093023256,0.357142857143,0.0289367429341
Malcolm Brogdon,SG,24,MIL,75,28,1982,290,635,0.457,78,193,0.404,212,442,0.48,0.518,109,126,0.865,47,166,213,317,84,12,113,140,767,G,2,2.80530973451,0.16,0.0570131180626
Malcolm Delaney,PG,27,ATL,73,2,1248,145,388,0.374,26,110,0.236,119,278,0.428,0.407,75,93,0.806,10,113,123,193,39,1,95,112,391,G,1,2.03157894737,0.013698630137,0.0761217948718
Manu Ginobili,SG,39,SAS,69,0,1291,171,439,0.39,89,227,0.392,82,212,0.387,0.491,86,107,0.804,28,129,157,183,82,16,96,119,517,G,2,1.90625,0.231884057971,0.0743609604957
Marc Gasol,C,32,MEM,74,74,2531,532,1160,0.459,104,268,0.388,428,892,0.48,0.503,278,332,0.837,60,404,464,338,67,99,166,171,1446,C,5,2.03614457831,1.33783783784,0.0655867246148
Marcin Gortat,C,32,WAS,82,82,2556,390,674,0.579,0,2,0.0,390,672,0.58,0.579,103,159,0.648,238,611,849,121,40,61,119,213,883,C,5,1.01680672269,0.743902439024,0.0465571205008
Marco Belinelli,SG,30,CHO,74,0,1778,264,615,0.429,102,283,0.36,162,332,0.488,0.512,150,168,0.893,14,164,178,147,44,9,70,90,780,G,2,2.1,0.121621621622,0.0393700787402
Marcus Morris,SF,27,DET,79,79,2565,421,1007,0.418,118,357,0.331,303,650,0.466,0.477,145,185,0.784,77,289,366,160,52,25,87,168,1105,F,3,1.83908045977,0.316455696203,0.033918128655
Marcus Smart,SG,22,BOS,79,24,2399,269,749,0.359,94,332,0.283,175,417,0.42,0.422,203,250,0.812,78,227,305,364,125,34,159,192,835,G,2,2.2893081761,0.430379746835,0.0662776156732
Marcus Thornton,SG,29,WAS,33,1,575,84,210,0.4,28,80,0.35,56,130,0.431,0.467,23,27,0.852,22,54,76,41,19,3,25,48,219,G,2,1.64,0.0909090909091,0.0434782608696
Mario Hezonja,SF,21,ORL,65,2,960,117,330,0.355,43,144,0.299,74,186,0.398,0.42,40,50,0.8,20,126,146,62,30,15,58,74,317,F,3,1.06896551724,0.230769230769,0.0604166666667
Markieff Morris,PF,27,WAS,76,76,2374,406,889,0.457,71,196,0.362,335,693,0.483,0.497,180,215,0.837,107,386,493,126,82,42,129,254,1063,F,4,0.976744186047,0.552631578947,0.0543386689132
Marquese Chriss,PF,19,PHO,82,75,1743,284,632,0.449,72,224,0.321,212,408,0.52,0.506,113,181,0.624,96,252,348,60,67,70,108,263,753,F,4,0.555555555556,0.853658536585,0.0619621342513
Marreese Speights,C,29,LAC,82,2,1286,244,548,0.445,103,277,0.372,141,271,0.52,0.539,120,137,0.876,88,285,373,65,23,41,69,229,711,C,5,0.942028985507,0.5,0.0536547433904
Marvin Williams,PF,30,CHO,76,76,2295,297,704,0.422,124,354,0.35,173,350,0.494,0.51,131,150,0.873,89,411,500,106,58,53,60,134,849,F,4,1.76666666667,0.697368421053,0.0261437908497
Mason Plumlee,C,26,TOT,81,64,2148,334,623,0.536,0,6,0.0,334,617,0.541,0.536,174,300,0.58,170,435,605,284,69,92,134,226,842,C,5,2.11940298507,1.13580246914,0.0623836126629
Matt Barnes,SF,36,TOT,74,18,1777,185,473,0.391,87,263,0.331,98,210,0.467,0.483,70,89,0.787,70,314,384,195,48,26,107,185,527,F,3,1.82242990654,0.351351351351,0.0602138435566
Matthew Dellavedova,PG,26,MIL,76,54,1986,208,534,0.39,79,215,0.367,129,319,0.404,0.463,82,96,0.854,24,123,147,357,53,0,133,153,577,G,1,2.68421052632,0.0,0.0669687814703
Maurice Harkless,SF,23,POR,77,69,2223,314,624,0.503,68,194,0.351,246,430,0.572,0.558,77,124,0.621,125,216,341,88,85,70,86,214,773,F,3,1.02325581395,0.909090909091,0.0386864597391
Maurice Ndour,PF,24,NYK,32,4,331,39,86,0.453,1,7,0.143,38,79,0.481,0.459,19,26,0.731,22,42,64,8,15,8,12,30,98,F,4,0.666666666667,0.25,0.036253776435
Meyers Leonard,PF,24,POR,74,12,1222,146,378,0.386,74,213,0.347,72,165,0.436,0.484,35,40,0.875,27,210,237,71,13,28,35,172,401,F,4,2.02857142857,0.378378378378,0.0286415711948
Michael Beasley,PF,28,MIL,56,6,935,216,406,0.532,18,43,0.419,198,363,0.545,0.554,78,105,0.743,40,153,193,53,27,27,66,92,528,F,4,0.80303030303,0.482142857143,0.0705882352941
Michael Carter-Williams,PG,25,CHI,45,19,846,112,306,0.366,15,64,0.234,97,242,0.401,0.391,58,77,0.753,24,129,153,113,38,23,66,102,297,G,1,1.71212121212,0.511111111111,0.0780141843972
Michael Kidd-Gilchrist,SF,23,CHO,81,81,2349,295,618,0.477,1,9,0.111,294,609,0.483,0.478,152,194,0.784,156,409,565,114,81,77,56,187,743,F,3,2.03571428571,0.950617283951,0.0238399318859
Mike Conley,PG,29,MEM,69,68,2292,464,1009,0.46,171,419,0.408,293,590,0.497,0.545,316,368,0.859,31,210,241,433,92,19,156,126,1415,G,1,2.77564102564,0.275362318841,0.0680628272251
Mike Dunleavy,SF,36,TOT,53,2,841,93,220,0.423,53,134,0.396,40,86,0.465,0.543,36,45,0.8,18,97,115,50,15,7,28,67,275,F,3,1.78571428571,0.132075471698,0.0332936979786
Mike Muscala,C,25,ATL,70,3,1237,170,337,0.504,46,110,0.418,124,227,0.546,0.573,49,64,0.766,76,164,240,95,30,41,55,97,435,C,5,1.72727272727,0.585714285714,0.0444624090542
Miles Plumlee,C,28,TOT,45,12,484,44,92,0.478,0,0,,44,92,0.478,0.478,25,39,0.641,38,57,95,21,18,13,30,73,113,C,5,0.7,0.288888888889,0.0619834710744
Mindaugas Kuzminskas,SF,27,NYK,68,5,1016,158,369,0.428,54,168,0.321,104,201,0.517,0.501,55,68,0.809,47,79,126,69,29,11,51,79,425,F,3,1.35294117647,0.161764705882,0.0501968503937
Mirza Teletovic,PF,31,MIL,70,2,1133,156,418,0.373,104,305,0.341,52,113,0.46,0.498,35,45,0.778,11,151,162,48,12,13,37,109,451,F,4,1.2972972973,0.185714285714,0.0326566637246
Monta Ellis,SG,31,IND,74,33,1998,247,557,0.443,43,135,0.319,204,422,0.483,0.482,93,128,0.727,19,185,204,236,78,27,135,149,630,G,2,1.74814814815,0.364864864865,0.0675675675676
Montrezl Harrell,C,23,HOU,58,14,1064,225,345,0.652,1,7,0.143,224,338,0.663,0.654,76,121,0.628,81,138,219,64,20,42,44,126,527,C,5,1.45454545455,0.724137931034,0.0413533834586
Myles Turner,C,20,IND,81,81,2541,444,869,0.511,40,115,0.348,404,754,0.536,0.534,245,303,0.809,139,450,589,106,74,172,105,262,1173,C,5,1.00952380952,2.12345679012,0.0413223140496
Nemanja Bjelica,PF,28,MIN,65,1,1190,151,356,0.424,56,177,0.316,95,179,0.531,0.503,45,61,0.738,57,187,244,79,40,20,59,154,403,F,4,1.33898305085,0.307692307692,0.0495798319328
Nene Hilario,C,34,HOU,67,8,1198,245,397,0.617,3,9,0.333,242,388,0.624,0.621,116,197,0.589,95,187,282,65,56,39,73,163,609,C,5,0.890410958904,0.582089552239,0.0609348914858
Nerlens Noel,C,22,TOT,51,19,1047,184,309,0.595,0,1,0.0,184,308,0.597,0.595,77,111,0.694,93,201,294,50,65,50,51,126,445,C,5,0.980392156863,0.980392156863,0.0487106017192
Nick Young,SG,31,LAL,60,60,1556,272,633,0.43,170,421,0.404,102,212,0.481,0.564,77,90,0.856,25,113,138,58,37,14,36,137,791,G,2,1.61111111111,0.233333333333,0.0231362467866
Nicolas Batum,SG,28,CHO,77,77,2617,393,975,0.403,135,405,0.333,258,570,0.453,0.472,243,284,0.856,46,435,481,456,86,29,194,109,1164,G,2,2.35051546392,0.376623376623,0.0741306839893
Nicolas Brussino,SF,23,DAL,54,2,521,52,141,0.369,29,95,0.305,23,46,0.5,0.472,17,22,0.773,26,69,95,47,17,8,26,43,150,F,3,1.80769230769,0.148148148148,0.0499040307102
Nik Stauskas,SG,23,PHI,80,27,2188,251,634,0.396,132,359,0.368,119,275,0.433,0.5,122,150,0.813,21,205,226,188,45,32,128,144,756,G,2,1.46875,0.4,0.0585009140768
Nikola Jokic,C,21,DEN,73,59,2038,494,854,0.578,45,139,0.324,449,715,0.628,0.605,188,228,0.825,212,506,718,359,61,55,171,214,1221,C,5,2.09941520468,0.753424657534,0.0839057899902
Nikola Mirotic,PF,25,CHI,70,15,1679,258,625,0.413,129,377,0.342,129,248,0.52,0.516,99,128,0.773,61,323,384,75,53,55,80,128,744,F,4,0.9375,0.785714285714,0.0476474091721
Nikola Vucevic,C,26,ORL,75,55,2163,483,1031,0.468,23,75,0.307,460,956,0.481,0.48,107,160,0.669,176,603,779,208,76,74,117,180,1096,C,5,1.77777777778,0.986666666667,0.0540915395284
Noah Vonleh,PF,21,POR,74,41,1265,130,270,0.481,7,20,0.35,123,250,0.492,0.494,60,94,0.638,131,256,387,31,30,27,64,154,327,F,4,0.484375,0.364864864865,0.0505928853755
Norman Powell,SG,23,TOR,76,18,1368,227,506,0.449,56,173,0.324,171,333,0.514,0.504,126,159,0.792,26,143,169,82,52,14,70,127,636,G,2,1.17142857143,0.184210526316,0.0511695906433
Okaro White,PF,24,MIA,35,0,471,33,87,0.379,12,34,0.353,21,53,0.396,0.448,20,22,0.909,25,57,82,21,10,10,18,52,98,F,4,1.16666666667,0.285714285714,0.0382165605096
Omer Asik,C,30,NOP,31,19,482,31,65,0.477,0,0,,31,65,0.477,0.477,23,39,0.59,48,115,163,15,5,10,14,51,85,C,5,1.07142857143,0.322580645161,0.0290456431535
Omri Casspi,SF,28,TOT,36,2,643,77,164,0.47,15,43,0.349,62,121,0.512,0.515,17,29,0.586,27,85,112,37,23,3,29,50,186,F,3,1.27586206897,0.0833333333333,0.045101088647
Otto Porter,SF,23,WAS,80,80,2605,414,803,0.516,148,341,0.434,266,462,0.576,0.608,99,119,0.832,118,396,514,121,116,42,44,193,1075,F,3,2.75,0.525,0.0168905950096
P.J. Tucker,SF,31,TOT,81,21,2236,199,482,0.413,70,196,0.357,129,286,0.451,0.485,72,93,0.774,117,354,471,99,116,19,66,196,540,F,3,1.5,0.234567901235,0.0295169946333
Pascal Siakam,PF,22,TOR,55,38,859,103,205,0.502,1,7,0.143,102,198,0.515,0.505,22,32,0.688,64,121,185,17,26,45,33,109,229,F,4,0.515151515152,0.818181818182,0.0384167636787
Pat Connaughton,SG,24,POR,39,1,316,37,72,0.514,17,33,0.515,20,39,0.513,0.632,7,9,0.778,10,42,52,28,6,2,17,23,98,G,2,1.64705882353,0.0512820512821,0.0537974683544
Patrick Beverley,SG,28,HOU,67,67,2058,228,543,0.42,110,288,0.382,118,255,0.463,0.521,73,95,0.768,95,298,393,281,99,25,100,222,639,G,2,2.81,0.373134328358,0.0485908649174
Patrick McCaw,SG,21,GSW,71,20,1074,106,245,0.433,41,123,0.333,65,122,0.533,0.516,29,37,0.784,21,79,100,77,32,15,36,62,282,G,2,2.13888888889,0.211267605634,0.0335195530726
Patrick Patterson,PF,27,TOR,65,8,1599,154,384,0.401,94,253,0.372,60,131,0.458,0.523,43,60,0.717,62,231,293,76,40,23,38,120,445,F,4,2.0,0.353846153846,0.0237648530331
Patty Mills,PG,28,SAS,80,8,1754,273,621,0.44,147,355,0.414,126,266,0.474,0.558,66,80,0.825,24,117,141,280,65,3,101,109,759,G,1,2.77227722772,0.0375,0.057582668187
Pau Gasol,C,36,SAS,64,39,1627,303,604,0.502,56,104,0.538,247,500,0.494,0.548,130,184,0.707,107,394,501,150,24,70,81,110,792,C,5,1.85185185185,1.09375,0.0497848801475
Paul George,SF,26,IND,75,75,2689,622,1348,0.461,195,496,0.393,427,852,0.501,0.534,336,374,0.898,58,434,492,251,119,27,220,206,1775,F,3,1.14090909091,0.36,0.0818148010413
Paul Millsap,PF,31,ATL,69,67,2343,430,972,0.442,75,241,0.311,355,731,0.486,0.481,311,405,0.768,111,422,533,252,90,62,158,186,1246,F,4,1.59493670886,0.898550724638,0.0674349125053
Paul Zipser,SF,22,CHI,44,18,843,88,221,0.398,33,99,0.333,55,122,0.451,0.473,31,40,0.775,15,110,125,36,15,16,40,78,240,F,3,0.9,0.363636363636,0.0474495848161
Quincy Acy,PF,26,TOT,38,1,558,70,170,0.412,37,90,0.411,33,80,0.413,0.521,45,60,0.75,20,95,115,18,14,15,21,67,222,F,4,0.857142857143,0.394736842105,0.0376344086022
Rajon Rondo,PG,30,CHI,69,42,1843,229,561,0.408,50,133,0.376,179,428,0.418,0.453,30,50,0.6,73,282,355,461,99,11,169,144,538,G,1,2.72781065089,0.159420289855,0.0916983179598
Ramon Sessions,PG,30,CHO,50,1,811,100,263,0.38,21,62,0.339,79,201,0.393,0.42,91,118,0.771,11,62,73,129,27,3,46,43,312,G,1,2.80434782609,0.06,0.0567200986436
Randy Foye,SG,33,BRK,69,40,1284,118,325,0.363,67,203,0.33,51,122,0.418,0.466,54,63,0.857,9,146,155,135,35,9,80,99,357,G,2,1.6875,0.130434782609,0.0623052959502
Rashad Vaughn,SG,20,MIL,41,2,458,57,156,0.365,26,81,0.321,31,75,0.413,0.449,2,5,0.4,4,45,49,23,19,10,14,32,142,G,2,1.64285714286,0.243902439024,0.0305676855895
Raul Neto,PG,24,UTA,40,0,346,41,91,0.451,10,31,0.323,31,60,0.517,0.505,8,9,0.889,4,26,30,34,21,5,15,48,100,G,1,2.26666666667,0.125,0.0433526011561
Raymond Felton,PG,32,LAC,80,11,1700,221,514,0.43,46,144,0.319,175,370,0.473,0.475,50,64,0.781,33,185,218,191,66,22,83,125,538,G,1,2.30120481928,0.275,0.0488235294118
Reggie Bullock,SF,25,DET,31,5,467,54,128,0.422,28,73,0.384,26,55,0.473,0.531,5,7,0.714,13,51,64,29,18,3,10,22,141,F,3,2.9,0.0967741935484,0.0214132762313
Reggie Jackson,PG,26,DET,52,50,1424,284,677,0.419,66,184,0.359,218,493,0.442,0.468,118,136,0.868,21,93,114,270,35,5,114,129,752,G,1,2.36842105263,0.0961538461538,0.0800561797753
Richard Jefferson,SF,36,CLE,79,13,1614,153,343,0.446,62,186,0.333,91,157,0.58,0.536,80,108,0.741,28,175,203,78,26,10,52,153,448,F,3,1.5,0.126582278481,0.0322180916976
Richaun Holmes,C,23,PHI,57,17,1193,230,412,0.558,27,77,0.351,203,335,0.606,0.591,72,103,0.699,94,217,311,58,42,55,55,136,559,C,5,1.05454545455,0.964912280702,0.046102263202
Ricky Rubio,PG,26,MIN,75,75,2469,261,650,0.402,60,196,0.306,201,454,0.443,0.448,254,285,0.891,68,237,305,682,128,10,195,202,836,G,1,3.49743589744,0.133333333333,0.0789793438639
Robert Covington,SF,26,PHI,67,67,2119,292,732,0.399,137,412,0.333,155,320,0.484,0.492,143,174,0.822,92,344,436,102,127,69,131,203,864,F,3,0.778625954198,1.02985074627,0.0618216139689
Robin Lopez,C,28,CHI,81,81,2271,382,775,0.493,0,2,0.0,382,773,0.494,0.493,75,104,0.721,244,276,520,80,18,117,91,151,839,C,5,0.879120879121,1.44444444444,0.0400704535447
Rodney Hood,SG,24,UTA,59,55,1593,272,666,0.408,114,307,0.371,158,359,0.44,0.494,90,115,0.783,16,186,202,96,38,11,65,132,748,G,2,1.47692307692,0.186440677966,0.0408035153798
Rodney McGruder,SG,25,MIA,78,65,1966,190,460,0.413,73,220,0.332,117,240,0.488,0.492,44,71,0.62,94,162,256,124,46,18,56,140,497,G,2,2.21428571429,0.230769230769,0.028484231943
Rodney Stuckey,PG,30,IND,39,0,696,91,244,0.373,19,60,0.317,72,184,0.391,0.412,80,107,0.748,6,78,84,84,16,0,53,44,281,G,1,1.58490566038,0.0,0.0761494252874
Ron Baker,SG,23,NYK,52,13,857,82,217,0.378,23,86,0.267,59,131,0.45,0.431,28,43,0.651,12,86,98,107,34,8,56,74,215,G,2,1.91071428571,0.153846153846,0.0653442240373
Rondae Hollis-Jefferson,SF,22,BRK,78,50,1761,235,542,0.434,15,67,0.224,220,475,0.463,0.447,190,253,0.751,96,356,452,154,82,44,116,177,675,F,3,1.3275862069,0.564102564103,0.0658716638274
Roy Hibbert,C,30,TOT,48,13,682,80,147,0.544,0,0,,80,147,0.544,0.544,61,75,0.813,54,98,152,21,8,46,32,100,221,C,5,0.65625,0.958333333333,0.0469208211144
Rudy Gobert,C,24,UTA,81,81,2744,413,625,0.661,0,1,0.0,413,624,0.662,0.661,311,476,0.653,314,721,1035,97,49,214,147,246,1137,C,5,0.659863945578,2.64197530864,0.0535714285714
Russell Westbrook,PG,28,OKC,81,81,2802,824,1941,0.425,200,583,0.343,624,1358,0.459,0.476,710,840,0.845,137,727,864,840,132,31,438,190,2558,G,1,1.91780821918,0.382716049383,0.156316916488
Ryan Anderson,PF,28,HOU,72,72,2116,323,773,0.418,204,506,0.403,119,267,0.446,0.55,129,150,0.86,112,218,330,68,31,14,55,142,979,F,4,1.23636363636,0.194444444444,0.0259924385633
Salah Mejri,C,30,DAL,73,11,905,88,137,0.642,1,3,0.333,87,134,0.649,0.646,36,61,0.59,97,211,308,14,32,61,40,152,213,C,5,0.35,0.835616438356,0.0441988950276
Sam Dekker,SF,22,HOU,77,2,1419,203,429,0.473,60,187,0.321,143,242,0.591,0.543,38,68,0.559,94,190,284,76,38,21,41,83,504,F,3,1.85365853659,0.272727272727,0.0288935870331
Sasha Vujacic,SG,32,NYK,42,4,408,42,136,0.309,23,74,0.311,19,62,0.306,0.393,17,24,0.708,12,47,59,52,13,2,16,38,124,G,2,3.25,0.047619047619,0.0392156862745
Sean Kilpatrick,SG,27,BRK,70,24,1754,305,735,0.415,105,308,0.341,200,427,0.468,0.486,204,242,0.843,22,258,280,157,45,6,135,118,919,G,2,1.16296296296,0.0857142857143,0.0769669327252
Semaj Christon,PG,24,OKC,64,1,973,77,223,0.345,12,63,0.19,65,160,0.406,0.372,17,31,0.548,19,68,87,130,28,7,43,79,183,G,1,3.02325581395,0.109375,0.0441932168551
Serge Ibaka,PF,27,TOT,79,79,2422,471,982,0.48,124,317,0.391,347,665,0.522,0.543,107,125,0.856,129,409,538,75,41,124,105,215,1173,F,4,0.714285714286,1.56962025316,0.0433526011561
Sergio Rodriguez,PG,30,PHI,68,30,1518,210,536,0.392,92,252,0.365,118,284,0.415,0.478,18,27,0.667,21,136,157,344,49,4,128,95,530,G,1,2.6875,0.0588235294118,0.0843214756258
Seth Curry,PG,26,DAL,70,42,2029,338,703,0.481,137,322,0.425,201,381,0.528,0.578,85,100,0.85,25,154,179,189,79,7,92,126,898,G,1,2.05434782609,0.1,0.0453425332676
Shabazz Muhammad,SF,24,MIN,78,1,1516,288,598,0.482,49,145,0.338,239,453,0.528,0.523,147,190,0.774,84,136,220,35,22,6,56,86,772,F,3,0.625,0.0769230769231,0.0369393139842
Shabazz Napier,PG,25,POR,53,2,512,73,183,0.399,34,92,0.37,39,91,0.429,0.492,38,49,0.776,8,53,61,67,32,2,41,38,218,G,1,1.63414634146,0.0377358490566,0.080078125
Shaun Livingston,PG,31,GSW,76,3,1345,173,316,0.547,1,3,0.333,172,313,0.55,0.549,42,60,0.7,28,123,151,139,38,20,62,120,389,G,1,2.24193548387,0.263157894737,0.0460966542751
Shelvin Mack,PG,26,UTA,55,9,1205,170,381,0.446,37,120,0.308,133,261,0.51,0.495,53,77,0.688,20,105,125,154,42,3,90,100,430,G,1,1.71111111111,0.0545454545455,0.0746887966805
Skal Labissiere,PF,20,SAC,33,12,612,117,218,0.537,3,8,0.375,114,210,0.543,0.544,52,74,0.703,51,111,162,27,16,13,37,64,289,F,4,0.72972972973,0.393939393939,0.0604575163399
Solomon Hill,SF,25,NOP,80,71,2374,183,478,0.383,94,270,0.348,89,208,0.428,0.481,103,128,0.805,51,256,307,141,72,32,82,182,563,F,3,1.71951219512,0.4,0.0345408593092
Spencer Dinwiddie,PG,23,BRK,59,18,1334,134,302,0.444,38,101,0.376,96,201,0.478,0.507,126,159,0.792,27,137,164,185,44,23,66,119,432,G,1,2.80303030303,0.389830508475,0.0494752623688
Spencer Hawes,PF,28,TOT,54,1,797,134,277,0.484,25,81,0.309,109,196,0.556,0.529,44,52,0.846,38,153,191,81,15,30,49,77,337,F,4,1.65306122449,0.555555555556,0.0614805520703
Stanley Johnson,SF,20,DET,77,1,1371,129,365,0.353,45,154,0.292,84,211,0.398,0.415,36,53,0.679,36,153,189,105,56,24,71,121,339,F,3,1.47887323944,0.311688311688,0.0517870167761
Stephen Curry,PG,28,GSW,79,79,2638,675,1443,0.468,324,789,0.411,351,654,0.537,0.58,325,362,0.898,61,292,353,524,142,17,239,183,1999,G,1,2.19246861925,0.215189873418,0.0905989385898
Steven Adams,C,23,OKC,80,80,2389,374,655,0.571,0,1,0.0,374,654,0.572,0.571,157,257,0.611,281,332,613,86,89,78,146,195,905,C,5,0.58904109589,0.975,0.0611134365843
T.J. McConnell,PG,24,PHI,81,51,2133,236,512,0.461,11,55,0.2,225,457,0.492,0.472,73,90,0.811,39,212,251,534,134,10,159,139,556,G,1,3.35849056604,0.123456790123,0.0745428973277
T.J. Warren,SF,23,PHO,66,59,2048,403,814,0.495,26,98,0.265,377,716,0.527,0.511,119,154,0.773,125,214,339,75,76,39,57,175,951,F,3,1.31578947368,0.590909090909,0.02783203125
Taj Gibson,PF,31,TOT,78,71,1989,365,709,0.515,3,13,0.231,362,696,0.52,0.517,113,158,0.715,158,327,485,73,41,65,105,163,846,F,4,0.695238095238,0.833333333333,0.052790346908
Tarik Black,C,25,LAL,67,16,1091,150,294,0.51,1,2,0.5,149,292,0.51,0.512,82,109,0.752,144,199,343,39,29,44,58,173,383,C,5,0.672413793103,0.65671641791,0.0531622364803
Taurean Waller-Prince,SF,22,ATL,59,10,981,114,285,0.4,33,102,0.324,81,183,0.443,0.458,74,94,0.787,25,132,157,55,43,27,61,96,335,F,3,0.901639344262,0.457627118644,0.0621814475025
Terrence Jones,PF,25,TOT,54,12,1270,231,492,0.47,19,75,0.253,212,417,0.508,0.489,103,170,0.606,65,241,306,59,40,54,48,67,584,F,4,1.22916666667,1.0,0.0377952755906
Terrence Ross,SF,25,TOT,78,24,1955,326,746,0.437,142,391,0.363,184,355,0.518,0.532,64,77,0.831,18,188,206,88,87,33,68,143,858,F,3,1.29411764706,0.423076923077,0.0347826086957
Terry Rozier,PG,22,BOS,74,0,1263,151,411,0.367,57,179,0.318,94,232,0.405,0.437,51,66,0.773,40,187,227,131,46,11,47,69,410,G,1,2.78723404255,0.148648648649,0.0372129849565
Thabo Sefolosha,SF,32,ATL,62,42,1596,174,395,0.441,41,120,0.342,133,275,0.484,0.492,55,75,0.733,54,216,270,107,96,31,58,97,444,F,3,1.84482758621,0.5,0.0363408521303
Thaddeus Young,PF,28,IND,74,74,2237,362,687,0.527,45,118,0.381,317,569,0.557,0.56,45,86,0.523,131,317,448,122,113,29,95,135,814,F,4,1.28421052632,0.391891891892,0.042467590523
Thomas Robinson,PF,25,LAL,48,1,560,105,196,0.536,0,1,0.0,105,195,0.538,0.536,31,66,0.47,84,139,223,31,26,9,46,76,241,F,4,0.673913043478,0.1875,0.0821428571429
Thon Maker,C,19,MIL,57,34,562,83,181,0.459,28,74,0.378,55,107,0.514,0.536,32,49,0.653,40,74,114,23,10,26,17,84,226,C,5,1.35294117647,0.456140350877,0.0302491103203
Tim Frazier,PG,26,NOP,65,35,1525,163,404,0.403,40,128,0.313,123,276,0.446,0.453,98,129,0.76,34,139,173,335,56,6,101,133,464,G,1,3.31683168317,0.0923076923077,0.0662295081967
Tim Hardaway,SG,24,ATL,79,30,2154,415,912,0.455,149,417,0.357,266,495,0.537,0.537,164,214,0.766,35,189,224,182,55,15,106,103,1143,G,2,1.71698113208,0.189873417722,0.0492107706592
Timofey Mozgov,C,30,LAL,54,52,1104,169,328,0.515,0,1,0.0,169,327,0.517,0.515,63,78,0.808,104,160,264,43,16,31,72,133,401,C,5,0.597222222222,0.574074074074,0.0652173913043
Timothe Luwawu-Cabarrot,SF,21,PHI,69,19,1190,145,361,0.402,50,161,0.311,95,200,0.475,0.471,105,123,0.854,25,124,149,75,32,10,73,154,445,F,3,1.02739726027,0.144927536232,0.0613445378151
Tobias Harris,PF,24,DET,82,48,2567,511,1063,0.481,109,314,0.347,402,749,0.537,0.532,190,226,0.841,63,353,416,142,60,39,96,133,1321,F,4,1.47916666667,0.475609756098,0.0373977405532
Tomas Satoransky,SG,25,WAS,57,3,719,61,147,0.415,9,37,0.243,52,110,0.473,0.446,23,33,0.697,25,58,83,92,26,6,38,60,154,G,2,2.42105263158,0.105263157895,0.0528511821975
Tony Allen,SG,35,MEM,71,66,1914,274,595,0.461,15,54,0.278,259,541,0.479,0.473,80,130,0.615,166,225,391,98,115,29,100,178,643,G,2,0.98,0.408450704225,0.0522466039707
Tony Parker,PG,34,SAS,63,63,1587,265,569,0.466,23,69,0.333,242,500,0.484,0.486,85,117,0.726,9,104,113,285,34,2,89,92,638,G,1,3.20224719101,0.031746031746,0.0560806553245
Tony Snell,SG,25,MIL,80,80,2336,246,541,0.455,144,355,0.406,102,186,0.548,0.588,47,58,0.81,22,226,248,96,55,14,55,125,683,G,2,1.74545454545,0.175,0.0235445205479
Trevor Ariza,SF,31,HOU,80,80,2773,326,798,0.409,191,555,0.344,135,243,0.556,0.528,93,126,0.738,54,404,458,175,147,20,73,133,936,F,3,2.39726027397,0.25,0.0263252794807
Trevor Booker,PF,29,BRK,71,43,1754,305,591,0.516,25,78,0.321,280,513,0.546,0.537,74,110,0.673,143,428,571,138,75,28,127,152,709,F,4,1.08661417323,0.394366197183,0.0724059293044
Trey Burke,PG,24,WAS,57,0,703,116,255,0.455,31,70,0.443,85,185,0.459,0.516,22,29,0.759,7,40,47,100,11,5,48,54,285,G,1,2.08333333333,0.0877192982456,0.0682788051209
Trey Lyles,PF,21,UTA,71,4,1158,159,439,0.362,65,204,0.319,94,235,0.4,0.436,57,79,0.722,48,187,235,69,26,20,64,97,440,F,4,1.078125,0.281690140845,0.0552677029361
Tristan Thompson,C,25,CLE,78,78,2336,262,437,0.6,0,3,0.0,262,434,0.604,0.6,106,213,0.498,286,429,715,77,39,84,64,176,630,C,5,1.203125,1.07692307692,0.027397260274
Troy Daniels,SG,25,MEM,67,3,1183,185,495,0.374,138,355,0.389,47,140,0.336,0.513,43,54,0.796,22,78,100,46,20,4,45,90,551,G,2,1.02222222222,0.0597014925373,0.0380388841927
Ty Lawson,PG,29,SAC,69,24,1732,237,522,0.454,34,118,0.288,203,404,0.502,0.487,173,217,0.797,44,135,179,334,74,6,129,119,681,G,1,2.58914728682,0.0869565217391,0.074480369515
Tyler Ennis,PG,22,TOT,53,2,588,90,208,0.433,27,70,0.386,63,138,0.457,0.498,21,25,0.84,9,36,45,86,25,2,45,58,228,G,1,1.91111111111,0.0377358490566,0.0765306122449
Tyler Johnson,PG,24,MIA,73,0,2178,357,824,0.433,93,250,0.372,264,574,0.46,0.49,195,254,0.768,50,243,293,233,84,44,90,176,1002,G,1,2.58888888889,0.602739726027,0.0413223140496
Tyler Ulis,PG,21,PHO,61,15,1123,184,437,0.421,21,79,0.266,163,358,0.455,0.445,55,71,0.775,20,75,95,226,48,5,77,73,444,G,1,2.93506493506,0.0819672131148,0.0685663401603
Tyler Zeller,C,27,BOS,51,5,525,78,158,0.494,0,1,0.0,78,157,0.497,0.494,22,39,0.564,43,81,124,42,7,21,20,61,178,C,5,2.1,0.411764705882,0.0380952380952
Tyreke Evans,SF,27,TOT,40,6,788,150,370,0.405,42,118,0.356,108,252,0.429,0.462,69,92,0.75,13,124,137,124,35,9,61,60,411,F,3,2.03278688525,0.225,0.0774111675127
Tyson Chandler,C,34,PHO,47,46,1298,153,228,0.671,0,0,,153,228,0.671,0.671,91,124,0.734,153,386,539,30,33,24,65,126,397,C,5,0.461538461538,0.510638297872,0.0500770416025
Tyus Jones,PG,20,MIN,60,0,774,75,181,0.414,26,73,0.356,49,108,0.454,0.486,33,43,0.767,10,57,67,156,48,5,38,50,209,G,1,4.10526315789,0.0833333333333,0.0490956072351
Victor Oladipo,SG,24,OKC,67,67,2222,412,932,0.442,127,352,0.361,285,580,0.491,0.51,116,154,0.753,39,252,291,176,78,21,119,155,1067,G,2,1.47899159664,0.313432835821,0.0535553555356
Vince Carter,SF,40,MEM,73,15,1799,193,490,0.394,112,296,0.378,81,194,0.418,0.508,88,115,0.765,36,191,227,133,60,36,50,163,586,F,3,2.66,0.493150684932,0.0277932184547
Wade Baldwin,PG,20,MEM,33,1,405,36,115,0.313,3,22,0.136,33,93,0.355,0.326,31,37,0.838,11,35,46,61,18,7,39,40,106,G,1,1.5641025641,0.212121212121,0.0962962962963
Wayne Ellington,SG,29,MIA,62,13,1500,231,555,0.416,149,394,0.378,82,161,0.509,0.55,37,43,0.86,18,114,132,70,35,4,30,70,648,G,2,2.33333333333,0.0645161290323,0.02
Wesley Johnson,SF,29,LAC,68,3,810,73,200,0.365,29,118,0.246,44,82,0.537,0.438,11,17,0.647,26,155,181,23,29,30,18,83,186,F,3,1.27777777778,0.441176470588,0.0222222222222
Wesley Matthews,SG,30,DAL,73,73,2495,333,847,0.393,174,479,0.363,159,368,0.432,0.496,146,179,0.816,18,241,259,210,77,15,102,161,986,G,2,2.05882352941,0.205479452055,0.0408817635271
Will Barton,SG,26,DEN,60,19,1705,295,666,0.443,87,235,0.37,208,431,0.483,0.508,143,190,0.753,58,201,259,206,48,28,97,110,820,G,2,2.12371134021,0.466666666667,0.0568914956012
Willie Cauley-Stein,C,23,SAC,75,21,1421,255,481,0.53,0,2,0.0,255,479,0.532,0.53,101,151,0.669,85,254,339,80,53,44,69,147,611,C,5,1.15942028986,0.586666666667,0.0485573539761
Willie Reed,C,26,MIA,71,5,1031,162,285,0.568,1,4,0.25,161,281,0.573,0.57,49,88,0.557,129,203,332,26,18,47,31,137,374,C,5,0.838709677419,0.661971830986,0.0300678952473
Willy Hernangomez,C,22,NYK,72,22,1324,246,465,0.529,4,15,0.267,242,450,0.538,0.533,91,125,0.728,170,332,502,96,41,36,100,150,587,C,5,0.96,0.5,0.0755287009063
Wilson Chandler,SF,29,DEN,71,33,2197,433,939,0.461,110,326,0.337,323,613,0.527,0.52,141,194,0.727,103,357,460,141,51,30,114,172,1117,F,3,1.23684210526,0.422535211268,0.0518889394629
Yogi Ferrell,PG,23,TOT,46,29,1197,160,394,0.406,68,176,0.386,92,218,0.422,0.492,74,89,0.831,20,91,111,172,42,9,70,90,462,G,1,2.45714285714,0.195652173913,0.0584795321637
Zach LaVine,SG,21,MIN,47,47,1749,326,710,0.459,120,310,0.387,206,400,0.515,0.544,117,140,0.836,19,141,160,139,41,10,85,104,889,G,2,1.63529411765,0.212765957447,0.0485991995426
Zach Randolph,PF,35,MEM,73,5,1786,433,964,0.449,21,94,0.223,412,870,0.474,0.46,141,193,0.731,182,416,598,122,38,10,99,136,1028,F,4,1.23232323232,0.13698630137,0.055431131019
Zaza Pachulia,C,32,GSW,70,70,1268,164,307,0.534,0,2,0.0,164,305,0.538,0.534,98,126,0.778,140,270,410,132,59,33,87,166,426,C,5,1.51724137931,0.471428571429,0.0686119873817
